group,label,chain,protein_len,rmsd_to_known,output_pdb
set1,fold_2026_04_13_15_07_1cez_spacer_seed_201_dsdna_model_0,A,882,0.3601,af_output\t7_compare\polymerase\set1.fold_2026_04_13_15_07_1cez_spacer_seed_201_dsdna_model_0.chain_A.pdb
set1,fold_2026_04_13_15_07_1cez_spacer_seed_201_dsdna_model_1,A,882,0.4396,af_output\t7_compare\polymerase\set1.fold_2026_04_13_15_07_1cez_spacer_seed_201_dsdna_model_1.chain_A.pdb
set1,fold_2026_04_13_15_07_1cez_spacer_seed_201_dsdna_model_2,A,882,0.3978,af_output\t7_compare\polymerase\set1.fold_2026_04_13_15_07_1cez_spacer_seed_201_dsdna_model_2.chain_A.pdb
set1,fold_2026_04_13_15_07_1cez_spacer_seed_201_dsdna_model_3,A,882,0.3609,af_output\t7_compare\polymerase\set1.fold_2026_04_13_15_07_1cez_spacer_seed_201_dsdna_model_3.chain_A.pdb
set1,fold_2026_04_13_15_07_1cez_spacer_seed_201_dsdna_model_4,A,882,0.4073,af_output\t7_compare\polymerase\set1.fold_2026_04_13_15_07_1cez_spacer_seed_201_dsdna_model_4.chain_A.pdb
set2,fold_2026_04_13_15_07_1cez_nonspacer_seed_201_dsdna_model_0,A,882,0.3759,af_output\t7_compare\polymerase\set2.fold_2026_04_13_15_07_1cez_nonspacer_seed_201_dsdna_model_0.chain_A.pdb
set2,fold_2026_04_13_15_07_1cez_nonspacer_seed_201_dsdna_model_1,A,882,0.389,af_output\t7_compare\polymerase\set2.fold_2026_04_13_15_07_1cez_nonspacer_seed_201_dsdna_model_1.chain_A.pdb
set2,fold_2026_04_13_15_07_1cez_nonspacer_seed_201_dsdna_model_2,A,882,0.3633,af_output\t7_compare\polymerase\set2.fold_2026_04_13_15_07_1cez_nonspacer_seed_201_dsdna_model_2.chain_A.pdb
set2,fold_2026_04_13_15_07_1cez_nonspacer_seed_201_dsdna_model_3,A,882,0.3699,af_output\t7_compare\polymerase\set2.fold_2026_04_13_15_07_1cez_nonspacer_seed_201_dsdna_model_3.chain_A.pdb
set2,fold_2026_04_13_15_07_1cez_nonspacer_seed_201_dsdna_model_4,A,882,0.3814,af_output\t7_compare\polymerase\set2.fold_2026_04_13_15_07_1cez_nonspacer_seed_201_dsdna_model_4.chain_A.pdb
